id,firstName,lastName,email,gender,contactNo,country,dob
1001,Dustin,Goodwin,evanslaurie@drake.com,Male,(158)377-6749x961,Saudi Arabia,1973-02-18
1002,Robert,Austin,gdavis@yahoo.com,Male,327.881.4761x742,Brunei Darussalam,1990-12-12
1003,Stephanie,Skinner,ashley81@gmail.com,Female,186.617.9454x91801,Saint Vincent and the Grenadines,1989-05-26
1004,Julie,Hartman,millernancy@yahoo.com,Female,977-945-2321x94168,Andorra,1944-10-11
1005,James,Smith,qholt@hotmail.com,Male,+1-749-956-4122x031,Suriname,1945-06-17
1006,Michael,Lopez,timothythomas@graham.net,Male,147.276.0122,Saint Vincent and the Grenadines,1992-03-11
1007,Jill,Washington,mrichards@hudson-bass.com,Female,016-679-9840x76789,Saint Kitts and Nevis,1985-12-28
1008,Taylor,Stein,jenniferrice@yahoo.com,Female,001-581-467-1795,Kiribati,1991-11-05
1009,Jessica,Martin,ocooper@robinson.org,Female,001-724-665-7293x417,Bulgaria,1956-03-04
1010,Curtis,Obrien,fhahn@young-hawkins.com,Male,(452)280-1561x931,Moldova,1959-08-18
1011,Katelyn,Chaney,carrilloangela@gmail.com,Female,001-891-077-1199x180,Macedonia,1951-07-22
1012,Carol,Wilson,eric47@jimenez.com,Female,213-760-3754x82145,Saint Barthelemy,1995-09-30
1013,Jason,Soto,karenmoreno@taylor.biz,Male,(785)072-0811x55626,Bahamas,1971-02-21
1014,Olivia,Keller,levinetina@liu.net,Female,550-489-2673x8997,Qatar,1967-11-16
1015,Stephen,Harrington,nicolemiller@hotmail.com,Male,628-843-1884x85200,Tuvalu,1998-08-03
1016,Joshua,Green,hbenitez@hotmail.com,Male,5485101749,Saint Pierre and Miquelon,1944-09-25
1017,Jesse,Bird,kevin92@gray.net,Male,001-357-126-6110,Jamaica,2004-11-04
1018,Beverly,Lewis,erica69@stone.info,Female,+1-677-622-8277x2881,Puerto Rico,1958-11-07
1019,Jesus,Johnson,sandra19@rodriguez-wood.com,Male,8215454470,Somalia,1954-02-07
1020,Charles,Lawrence,pamela32@burns.com,Male,(794)975-6792x28777,Canada,2003-05-03
1021,Nicholas,Davis,zhall@yahoo.com,Male,+1-074-120-9481,Norway,1982-06-11
1022,Bradley,Friedman,karenshaw@martinez.com,Male,4339718956,Myanmar,1947-06-11
1023,John,Peck,bwhite@hotmail.com,Male,641-118-2422x41246,Philippines,1955-11-23
1024,Anthony,Woodward,reeveskenneth@flores.com,Male,610-339-9378x861,Ethiopia,1948-07-04
1025,Emily,Tran,ojohnson@mcintyre.com,Female,+1-913-824-9671,Tanzania,1987-08-24
1026,Jonathan,Patton,amber23@cisneros.com,Male,7942007494,Taiwan,1990-08-27
1027,Jamie,Bell,brandon89@turner.com,Female,(846)398-5547,Faroe Islands,1961-02-11
1028,Matthew,Morris,vhaley@sloan.com,Male,+1-700-268-7681x180,Uganda,2001-01-01
1029,Robert,Wallace,teresa69@hughes-combs.com,Male,753-703-0453,Bermuda,1999-12-05
1030,Lisa,Turner,tinacoffey@campbell.org,Female,036.149.8728,Congo,1989-04-13
1031,Nancy,Chambers,chapmanjulie@green.com,Female,430.894.8706x05664,British Virgin Islands,1990-08-31
1032,Joseph,Simpson,brandonhull@cole.com,Male,001-036-133-2541,Nigeria,1986-12-06
1033,Brent,Castillo,mary31@allen-peterson.com,Male,831-997-1791x10065,Tuvalu,2002-01-24
1034,Melissa,Patton,nbrown@reynolds.com,Female,661-963-9907x6769,Nicaragua,1951-04-10
1035,Gina,Pace,lholmes@rodriguez.org,Female,001-193-928-4567x972,Ecuador,1953-09-30
1036,Rebecca,Brown,ppalmer@yahoo.com,Female,982-274-9545x0892,Azerbaijan,1960-07-14
1037,Katie,Conley,mcooper@kerr.info,Female,001-795-995-9465x217,Turkey,1998-01-31
1038,Susan,Crawford,heatherowens@allen.com,Female,001-636-205-0150x8124,Kazakhstan,1957-08-10
1039,Mark,Durham,hesterjames@yahoo.com,Male,(342)583-2302,Tajikistan,1962-03-12
1040,Susan,Smith,hpena@boyle-torres.com,Female,(528)961-1223x386,Puerto Rico,1969-11-06
1041,Evan,Jordan,hinesbrenda@phillips.com,Male,(897)317-9128,Iceland,1995-07-04
1042,Sonya,Potter,lstone@yahoo.com,Female,001-587-774-9690x333,Korea,2003-02-13
1043,David,Robinson,xduncan@yahoo.com,Male,+1-121-478-5390,Lao People's Democratic Republic,1979-03-29
1044,Marc,Simmons,zortiz@yahoo.com,Male,460-273-4151x48881,Solomon Islands,1963-03-11
1045,Timothy,Garcia,benjamin35@leonard.com,Male,001-439-284-0445x6690,Latvia,1988-11-21
1046,Jose,Juarez,uperez@clark.net,Male,001-775-153-6637x78052,Montserrat,2003-11-03
1047,Carl,Harding,wcochran@perez-simmons.biz,Male,001-845-909-0225x99996,Hong Kong,1958-04-11
1048,Tiffany,Brown,thomasmurphy@yahoo.com,Female,+1-412-182-0970x2316,Finland,1958-05-23
1049,Crystal,Keller,hbrown@jackson.biz,Female,(128)671-6323,Georgia,1973-10-16
1050,Sabrina,Ortega,briana87@harris-ritter.info,Female,693-859-7779,Armenia,1994-07-21
1051,Anna,Lucas,isabella46@hotmail.com,Female,(632)967-6291,India,1991-12-03
1052,Theresa,Allen,nicole84@hendricks.com,Female,681.511.8567x2438,Aruba,1975-10-31
1053,Alyssa,Fowler,zcooper@gmail.com,Female,(004)125-7771x1837,Burundi,1976-06-01
1054,Samantha,Skinner,lawsongregory@nichols.com,Female,042-752-3083,Kenya,1991-10-17
1055,Anthony,Walters,cvaughn@george.biz,Male,001-335-331-0600x53131,South Georgia and the South Sandwich Islands,2001-03-24
1056,Ronald,Jackson,perrydaniel@morris-sims.org,Male,866.133.1552,American Samoa,1971-09-30
1057,Martha,Smith,qrobinson@santos-wood.com,Female,649.718.9241,Nepal,1966-06-14
1058,Vicki,Horton,gregory57@rogers.org,Female,683.890.3091x436,Saudi Arabia,1960-12-14
1059,Manuel,Brown,jphillips@yahoo.com,Male,039.752.4508,Somalia,1972-08-12
1060,Maria,Roberts,melanierivera@harris.com,Female,+1-396-852-7017x13023,Brunei Darussalam,1950-08-16
1061,Christopher,Dunn,williamsimmons@collins-griffith.com,Male,(293)449-7347x15662,Latvia,1974-06-01
1062,Jenny,Lynch,lorileon@gmail.com,Female,001-661-498-2824x67474,Honduras,1982-08-20
1063,Lisa,Jones,mgonzalez@smith.com,Female,666.567.4916x0169,Central African Republic,1957-08-06
1064,Phillip,Krueger,xreid@hotmail.com,Male,6633705024,Netherlands Antilles,1975-05-17
1065,Tony,Hernandez,alexanderwise@dawson.com,Male,362.644.8869x46119,Singapore,1998-08-26
1066,Haley,Thomas,ahale@velasquez.com,Female,686-462-2522,Congo,1977-06-26
1067,Catherine,Fry,jacobbrown@gmail.com,Female,001-346-791-2141x61415,Antarctica (the territory South of 60 deg S),1984-03-26
1068,Cynthia,Washington,brownkaren@ortega.com,Female,806.984.7759,Japan,1967-04-14
1069,Jacob,Wu,shelleyortega@yahoo.com,Male,+1-055-107-6209x184,Zambia,1991-12-19
1070,Nicole,Wright,qrobertson@gmail.com,Female,5050573976,Saint Vincent and the Grenadines,1986-01-25
1071,Rebecca,Bailey,navarrokelly@gmail.com,Female,001-289-802-7148x727,Zimbabwe,1952-04-02
1072,Karen,Fernandez,georgeraymond@davis.com,Female,643-471-2871x53991,Norway,1967-09-26
1073,Jamie,Love,ostokes@yahoo.com,Female,411-159-3195,Brunei Darussalam,2002-06-13
1074,Emily,James,bryan83@whitney-flores.com,Female,+1-289-931-6087x52437,Pitcairn Islands,1975-05-25
1075,Charles,Campbell,kyle14@berry.com,Male,001-605-233-0276x420,Mayotte,1971-01-28
1076,George,Gregory,hmyers@hotmail.com,Male,438-612-5904x7292,Kenya,1991-09-28
1077,John,Merritt,lindagonzalez@smith.com,Male,(620)157-2018x5962,Nigeria,1993-07-20
1078,Jennifer,Johnson,sburns@blevins.com,Female,001-764-750-1111x78309,Montenegro,1983-05-07
1079,Karen,Benson,patrickcooke@hamilton.com,Female,001-826-068-8871x898,Rwanda,2000-02-07
1080,Rachel,Martinez,whitecarol@smith.com,Female,029-321-8401,British Virgin Islands,1978-10-28
1081,Elizabeth,Burch,qrowland@wright.net,Female,872-975-8598x8310,Dominica,1946-11-18
1082,Chelsea,Evans,carrierobinson@ramirez-daniel.biz,Female,844-626-7146,Wallis and Futuna,1991-08-23
1083,Charles,Harris,jenniferelliott@hotmail.com,Male,926.256.6093x14181,Poland,1981-09-11
1084,Jason,Murphy,regina42@hill.biz,Male,611.284.9718,Guernsey,1992-01-17
1085,Laura,Campbell,mosleygeorge@yahoo.com,Female,(588)967-9240,Poland,1979-04-30
1086,Micheal,Sandoval,rbradley@sellers.com,Male,001-396-727-5784x468,Western Sahara,1993-04-09
1087,Sierra,Cervantes,mezarichard@yahoo.com,Female,113-129-0148,Vanuatu,1977-12-01
1088,Rhonda,Smith,timothyrobertson@hotmail.com,Female,+1-160-930-6853,Saint Vincent and the Grenadines,1989-05-16
1089,Tiffany,Morrow,roconnell@mckee.com,Female,506.762.5153x81447,French Polynesia,1962-05-25
1090,Daniel,Rojas,sandrahickman@hotmail.com,Male,079.705.0975x45105,Tuvalu,1993-07-17
1091,Cody,Gomez,fvasquez@robertson.info,Male,2437654562,Martinique,1999-08-10
1092,Derrick,Mayo,donaldburgess@gmail.com,Male,(313)402-6650x237,Papua New Guinea,1962-06-20
1093,Barbara,Burns,markduran@yahoo.com,Female,621.102.2580x30569,Saint Pierre and Miquelon,1944-12-04
1094,Jessica,Roberts,hodgesjohn@gmail.com,Female,001-823-414-3637x1892,Comoros,2002-07-21
1095,Kevin,Walters,andersonbenjamin@hickman.com,Male,+1-310-668-4335x670,Madagascar,1973-06-10
1096,Mathew,Torres,juan56@gmail.com,Male,020-005-3474x91624,Yemen,1977-10-23
1097,Jack,Torres,vegakaylee@rivera.com,Male,001-989-534-3961x1291,Armenia,1984-04-18
1098,Warren,Henson,janetschaefer@mcmahon.com,Male,738-202-3684x8557,Niue,1993-03-12
1099,Bruce,Graham,gmills@gmail.com,Male,(942)409-0367,Poland,1980-08-12
1100,Seth,Mata,ychristensen@chan.com,Male,2939087884,Gabon,2002-05-23
1101,Daniel,Erickson,jeffreyferguson@williams-hernandez.com,Male,(403)381-0595,Greece,1950-01-17
1102,Travis,Henson,rickycarr@yahoo.com,Male,0534240891,Saint Helena,1995-02-17
1103,Melissa,Bautista,lisawalker@yahoo.com,Female,962.736.5271,Lithuania,1956-09-24
1104,Joe,Ochoa,ashleyharding@holland.com,Male,(269)312-1637,United States of America,1988-04-12
1105,Tracy,Garcia,morrisonnicholas@rodriguez.com,Female,(314)290-0185,Timor-Leste,1992-07-09
1106,Bradley,Taylor,kylemendoza@gmail.com,Male,8481001841,Madagascar,2004-09-14
1107,Sara,Thomas,perezpaul@rios-perez.biz,Female,+1-172-131-4519x51510,Netherlands Antilles,1954-08-30
1108,Cassandra,Moreno,qhernandez@turner.com,Female,754-102-2526x771,Bouvet Island (Bouvetoya),1983-09-14
1109,Jessica,Acosta,morrisdavid@gomez-snyder.info,Female,001-695-236-6878x878,Martinique,2000-04-11
1110,Crystal,Miller,jacquelineyoung@gmail.com,Female,058.721.0552,French Polynesia,1975-09-17
1111,Charles,Castaneda,jasonwalker@hotmail.com,Male,(126)065-0191,Lesotho,2001-05-14
1112,Kirk,Moore,donald31@carroll.com,Male,001-272-847-6570x41200,Netherlands Antilles,1995-06-30
1113,Christopher,Martin,dfrazier@hotmail.com,Male,001-498-436-2418x623,Iran,1986-07-04
1114,Amy,Long,pwoods@sullivan.com,Female,+1-634-111-5950x3428,Botswana,1948-10-28
1115,Christy,Smith,andrealittle@gmail.com,Female,419.909.7005,Bermuda,1965-05-19
1116,Alejandra,Kelly,uporter@yahoo.com,Female,001-521-568-1820x9679,Trinidad and Tobago,2002-05-12
1117,Andrew,Martin,mcclurechristopher@hotmail.com,Male,322.889.8572,Guadeloupe,1964-03-03
1118,Heather,Chase,macdonaldkim@yahoo.com,Female,399.129.7102,Seychelles,2003-08-13
1119,Emily,Dillon,udavis@villa.com,Female,955-112-7474x721,Mongolia,1977-08-09
1120,Amanda,Trevino,rvincent@gmail.com,Female,589.551.6874x090,Saint Vincent and the Grenadines,1998-03-07
1121,David,Nicholson,melissaroberts@hudson.com,Male,(715)778-7112x1663,Iran,1966-10-01
1122,Amy,Peterson,jacquelinealvarez@yahoo.com,Female,082.723.5909x605,Somalia,1973-08-25
1123,William,Lewis,cisnerosgabriela@king-thompson.com,Male,461-476-8342,Switzerland,1948-01-14
1124,Anna,Valenzuela,franklin56@yahoo.com,Female,826.596.0893x1992,Gibraltar,1989-07-27
1125,William,Mcmillan,hernandezstephen@gmail.com,Male,516.480.7279x1033,Italy,1991-10-10
1126,Kimberly,Martin,michaelfarley@hotmail.com,Female,001-055-044-8177,Isle of Man,1972-04-22
1127,Guy,Clayton,daniel27@yahoo.com,Male,(289)286-6464x911,Sri Lanka,2001-05-09
1128,Brian,Banks,crawfordkaren@hotmail.com,Male,789-046-3378,Hong Kong,1952-03-03
1129,Craig,Harrison,tammy76@padilla.com,Male,844.446.3060,American Samoa,1946-03-02
1130,Christian,Brooks,george96@gmail.com,Male,+1-639-609-6262,Iraq,2005-11-28
1131,Evan,Moore,mckinneydavid@welch.com,Male,+1-253-110-6092,Antarctica (the territory South of 60 deg S),1986-06-10
1132,Michael,Knapp,ujohnson@lucero.com,Male,(334)383-6404,Belize,1954-03-01
1133,Lori,Little,stevenscaitlin@thomas.com,Female,175-361-7061,Libyan Arab Jamahiriya,1986-12-16
1134,Angela,Mcdaniel,cynthia72@gmail.com,Female,029-901-5579x9802,Maldives,1994-11-07
1135,David,Martinez,holmeskathleen@camacho.com,Male,5231244731,Guernsey,1992-07-25
1136,Juan,Phillips,zhunt@gmail.com,Male,234-619-9423x767,Jamaica,1984-12-16
1137,Nicole,Cabrera,kpatterson@brooks-chen.com,Female,208.496.4985x601,Cocos (Keeling) Islands,1999-06-08
1138,Frank,Gibbs,charlessandoval@yahoo.com,Male,(510)505-3795,United Arab Emirates,1960-03-18
1139,Justin,Cruz,dakotaramirez@shah.org,Male,+1-665-533-0770x4611,Korea,1956-01-10
1140,Kyle,Garza,mitchelldawn@travis.biz,Male,8805017164,Falkland Islands (Malvinas),1965-12-18
1141,Paul,Ross,zsalazar@yahoo.com,Male,001-771-591-0300x215,Tokelau,1991-03-04
1142,Misty,Perez,jenniferburnett@mayo.com,Female,1041459642,Uzbekistan,1953-10-03
1143,Lauren,Wilson,karenbarron@yahoo.com,Female,+1-718-839-7745x7314,Seychelles,1964-07-15
1144,Michelle,Gomez,heatherjones@brown-smith.com,Female,637.153.9885x472,Thailand,1978-09-17
1145,Ashley,Anderson,nhester@hotmail.com,Female,631.462.4912,Kyrgyz Republic,2004-01-02
1146,Ashley,Rodriguez,blopez@stanley-chavez.com,Female,815-632-6868,Grenada,1947-12-31
1147,Jessica,Wood,bdennis@carter.com,Female,+1-489-786-1031x310,Ukraine,1946-10-23
1148,Laura,Allen,jeremy96@long-robinson.com,Female,323.549.4012x8974,Timor-Leste,2006-01-29
1149,Melissa,Jackson,jacobyoder@rivers.info,Female,(502)412-0957x90737,Bouvet Island (Bouvetoya),1947-06-15
1150,Robert,Bradley,aliciajackson@gmail.com,Male,001-114-577-5847x45705,Gabon,1992-09-15
1151,Felicia,Holmes,nelsonapril@hotmail.com,Female,2632570396,Guyana,1958-06-02
1152,Natasha,Lee,sheppardnatalie@hotmail.com,Female,+1-782-455-6964,Georgia,1957-05-07
1153,Amanda,Meyer,hamiltonspencer@yahoo.com,Female,107-272-8498x2474,Bahrain,1998-10-21
1154,Edward,Chavez,margaret10@torres-jordan.com,Male,4254882142,Saint Martin,1957-10-07
1155,Jeffrey,Hull,antoniofitzpatrick@gmail.com,Male,+1-666-144-9429x65923,El Salvador,1953-08-12
1156,Jennifer,Gonzalez,evanssara@yahoo.com,Female,+1-266-128-7585,Lao People's Democratic Republic,1968-06-25
1157,Jessica,Fisher,jjohnson@gmail.com,Female,001-612-943-9852x98940,Saudi Arabia,2001-11-21
1158,Jenna,Powell,haguirre@combs-miller.com,Female,+1-159-149-7501x9803,Malaysia,1954-03-10
1159,Justin,Coffey,pattybowman@turner.com,Male,931.102.9181x3317,Anguilla,2001-01-17
1160,Katie,Myers,richard23@green.org,Female,620-223-2883,Lebanon,1977-01-28
1161,Dylan,Contreras,elizabeth66@hotmail.com,Male,766-204-7196,Algeria,1983-11-20
1162,Elizabeth,Brewer,odonnellmichael@gmail.com,Female,740.258.8358x681,China,1989-01-05
1163,Brittany,Rios,yespinoza@gmail.com,Female,461-767-9298x842,Qatar,1966-06-07
1164,Leah,Carpenter,williamsmelissa@gmail.com,Female,117.753.3126,Saudi Arabia,1972-12-18
1165,Tammy,Brown,johnsonkaren@yahoo.com,Female,001-590-251-7629x83347,Kazakhstan,1990-07-29
1166,Donna,Harris,zcervantes@miller.com,Female,020.569.8152,Pitcairn Islands,1994-01-20
1167,Tina,Chandler,marisahudson@yahoo.com,Female,559.821.7661x91284,Bolivia,1952-05-28
1168,Jonathan,Williams,walkershelia@yahoo.com,Male,(512)418-9389x8469,Azerbaijan,1981-07-13
1169,Michael,Rodriguez,denise05@yahoo.com,Male,350-238-5037x199,Reunion,2001-03-15
1170,Ralph,Johnson,ngeorge@clay.com,Male,010-783-5674x300,Anguilla,1997-01-09
1171,Richard,Gonzalez,tranbrett@yahoo.com,Male,001-266-821-7195x535,Jordan,2006-11-08
1172,Amy,Hall,robertgoodwin@bradley.com,Female,1027240559,Palau,2004-12-21
1173,Dana,Carter,qsandoval@gmail.com,Female,483-753-7458,French Guiana,2003-07-07
1174,Matthew,Rose,heidi81@gmail.com,Male,(697)413-2834x831,Holy See (Vatican City State),1993-09-16
1175,Robert,Thomas,dsantos@smith.com,Male,964-104-9670x667,Aruba,1959-08-27
1176,Christine,Lopez,guerreroanthony@yahoo.com,Female,9549305966,Slovenia,1994-01-02
1177,Tanya,Goodwin,rfarley@garrison-hurley.info,Female,(998)426-7320x44138,French Polynesia,1967-05-08
1178,Laura,Johnson,joseph49@gmail.com,Female,495-427-7070,Lao People's Democratic Republic,1946-11-24
1179,Tracy,Castillo,fbrown@prince-arnold.com,Female,244.472.3229x031,Palau,1946-12-31
1180,Cathy,Hunter,bobby30@hotmail.com,Female,405-809-3511x871,Madagascar,1949-08-26
1181,Cynthia,Nguyen,bjones@yahoo.com,Female,(059)556-5749,Antarctica (the territory South of 60 deg S),1955-04-16
1182,Jacob,Carter,rodriguezjason@dixon-norman.net,Male,001-536-902-6113,Monaco,1978-08-23
1183,Zachary,Mccoy,abbottallison@gmail.com,Male,+1-788-754-3943x535,Djibouti,1975-05-26
1184,Emily,Compton,aoconnor@miller-castro.com,Female,(793)763-9283x692,Netherlands,1962-02-03
1185,Robert,Peterson,ortizwilliam@johnston.com,Male,(702)164-8712,Trinidad and Tobago,1946-09-12
1186,Sandra,Johnson,andersonmichelle@strong-gomez.biz,Female,001-834-155-9991x015,Zambia,1974-12-05
1187,Susan,Mccoy,katherine22@hotmail.com,Female,001-981-209-9576x57289,Fiji,1996-12-25
1188,Anne,Evans,elliottphyllis@hotmail.com,Female,645.652.2036x84995,Bolivia,1968-01-07
1189,Dustin,Wilson,kgonzales@yahoo.com,Male,913-421-3882x090,Uganda,1981-02-11
1190,Joshua,Lee,woodjuan@hotmail.com,Male,(782)741-1767x41241,Guinea,1999-01-25
1191,Angela,Mcguire,eric54@mccoy-hunt.com,Female,001-506-185-3800x329,Honduras,2003-09-23
1192,Tony,Nunez,lhernandez@hotmail.com,Male,423.183.0617x8932,Argentina,1972-11-01
1193,Melissa,Austin,todd24@golden.info,Female,695.874.1314x6753,Panama,1973-04-17
1194,Brian,Marshall,baileyraymond@gmail.com,Male,001-779-630-4483x60854,Peru,1965-12-29
1195,Jennifer,Lamb,dgreen@yahoo.com,Female,350.476.3928x3199,Greenland,1953-03-04
1196,Larry,Smith,tdavis@barr-wang.net,Male,083-583-2863,French Guiana,1998-11-28
1197,Candice,Brooks,angelawright@gmail.com,Female,0818670244,Anguilla,1960-01-12
1198,Mark,Watts,karen66@cardenas.com,Male,186-008-9219,Somalia,1970-12-30
1199,Cory,Obrien,ronald04@yahoo.com,Male,314.976.4613x684,Liberia,1963-09-26
1200,Susan,Ferguson,fsmith@long.com,Female,390.637.5791x452,Sudan,1987-03-31
1201,William,Davis,michelleburns@miller.org,Male,893.074.6452x0599,Ireland,2003-09-06
1202,Abigail,Vaughn,pedwards@gmail.com,Female,778-811-6162x02812,Congo,1974-02-27
1203,Sheila,Wilson,zjackson@hotmail.com,Female,286.604.1644x8595,Monaco,1988-08-17
1204,Carol,Roberts,april47@clark-rivera.com,Female,(870)562-2710,Georgia,1992-02-11
1205,Chelsea,Benson,cody97@hotmail.com,Female,(158)350-3446,Mozambique,1994-01-04
1206,Elizabeth,Weber,ann31@hotmail.com,Female,(134)249-1289,Oman,1996-07-05
1207,Janet,Johnston,aclark@gmail.com,Female,192.227.0510,Burundi,1979-03-15
1208,Renee,Coleman,kevin13@hotmail.com,Female,(667)548-5819x3242,Tajikistan,1974-02-18
1209,Justin,Henry,grantryan@yahoo.com,Male,(057)563-9836,Holy See (Vatican City State),1956-07-24
1210,Taylor,Cowan,mward@willis.com,Female,(480)940-4760x440,Montenegro,2000-05-28
1211,Andre,Robbins,ehenry@hotmail.com,Male,+1-810-509-2221x6107,Northern Mariana Islands,1992-09-25
1212,Antonio,Davis,dianamclaughlin@yahoo.com,Male,+1-529-580-6601x38241,China,1974-07-21
1213,Amanda,Franklin,cynthiawilkinson@gmail.com,Female,485-157-9197x1112,Saint Lucia,1950-04-05
1214,Cody,Garza,kristinarobinson@stevens-wiley.com,Male,324-064-2429x5633,Faroe Islands,2004-07-04
1215,Curtis,Krause,fbaker@yahoo.com,Male,001-558-720-9628,Mongolia,1958-09-19
1216,Wendy,Hamilton,matthewschmitt@hotmail.com,Female,001-418-343-7401x8272,Lao People's Democratic Republic,1984-04-24
1217,Erica,Elliott,jacqueline50@fisher.com,Female,+1-125-427-8207x9799,Puerto Rico,1973-12-24
1218,Monica,Wells,jennifer95@gregory-evans.com,Female,001-816-649-6902x82498,Congo,1983-01-12
1219,Paul,Anderson,wallerkyle@gmail.com,Male,(762)702-3244x123,Togo,1958-03-20
1220,Jeffrey,Ramsey,adam25@ruiz.biz,Male,001-376-731-6252x654,Svalbard & Jan Mayen Islands,1990-04-18
1221,Nicholas,Coleman,reedelizabeth@hotmail.com,Male,3923555809,Nepal,1995-07-14
1222,James,Jones,vincentwilliams@graham-morgan.com,Male,(244)670-4622x68171,Guatemala,1991-01-25
1223,Morgan,Rios,martindavid@hotmail.com,Female,(707)660-4641x9785,Slovakia (Slovak Republic),1976-08-09
1224,Michelle,Richard,floydtina@hotmail.com,Female,001-612-059-4389x76074,Armenia,1952-08-26
1225,Shawna,Stevens,johnny54@daniels.com,Female,(607)540-9150x863,China,1950-02-05
1226,Joseph,Martinez,rjordan@bonilla-barker.com,Male,001-897-015-5029x1681,Guadeloupe,1987-09-17
1227,Nicole,Henderson,stephaniescott@newton.com,Female,944.988.3059,Lebanon,1959-01-10
1228,Philip,Kim,walter09@browning-gregory.com,Male,6306244795,Bhutan,1959-06-11
1229,Danny,Fletcher,carrjessica@wilcox.com,Male,+1-678-055-5572,Kyrgyz Republic,2002-07-09
1230,Natalie,Clark,cscott@phelps.net,Female,(138)544-5770x299,Chad,1986-11-11
1231,Heather,Reynolds,angela73@morse-anderson.org,Female,163-319-4226,Mayotte,1972-03-06
1232,Harold,Robinson,kaylee15@hotmail.com,Male,+1-863-677-4722,Iran,1964-01-03
1233,April,Gallegos,francesgarcia@hotmail.com,Female,+1-666-309-3299x8199,Saint Martin,1972-03-13
1234,Tony,Nguyen,ashleykennedy@crane.org,Male,+1-688-327-5327x3524,Bahrain,2005-03-31
1235,Andre,Lane,gabrielawallace@gmail.com,Male,(781)952-3710,San Marino,1946-07-31
1236,Melanie,Russell,ajones@yahoo.com,Female,001-819-807-7046x056,Saint Barthelemy,1979-03-11
1237,Lori,Alexander,thomasjose@molina.biz,Female,+1-523-734-1517x73454,Portugal,1974-08-22
1238,Gary,Cole,brooke22@hotmail.com,Male,035-954-4294x7742,Samoa,1999-03-05
1239,Michael,Thomas,oscott@gmail.com,Male,942.904.5886,Lesotho,1986-06-19
1240,Steven,Compton,alexandra67@jackson.biz,Male,1534332491,Pakistan,1957-10-13
1241,Heather,Stevens,judithcox@ross.com,Female,148.881.0798x33423,Denmark,1991-04-24
1242,Mitchell,Thompson,christopher31@gmail.com,Male,403.339.9771x80513,Lesotho,1952-04-20
1243,Jeremy,Alvarez,carmenevans@perkins.info,Male,001-399-704-6947x25878,Finland,1988-04-16
1244,Elizabeth,Camacho,joshua88@garrett-rodriguez.com,Female,058.772.2164x1758,Swaziland,1956-10-22
1245,Cheryl,Rodriguez,kyletorres@kennedy.com,Female,001-252-362-2925,Zimbabwe,1979-07-11
1246,Veronica,Valdez,jeremy47@yahoo.com,Female,(245)557-4696x606,Azerbaijan,1972-03-13
1247,Heather,Trujillo,andrew33@hotmail.com,Female,001-445-056-6588x339,Macao,1974-04-30
1248,Selena,Rodriguez,markcastillo@watkins.biz,Female,001-734-996-0105x485,Kazakhstan,2007-03-26
1249,Diane,Ruiz,tiffany62@lawrence.com,Female,+1-173-598-4884,Portugal,1945-11-13
1250,Charles,Carrillo,rebecca73@gmail.com,Male,737-553-4490x21666,Sri Lanka,1977-06-23
1251,Robert,Decker,allen60@marks.com,Male,001-511-918-1828,Tanzania,2002-04-28
1252,Brandon,Nielsen,wangryan@owens-preston.com,Male,+1-512-957-8606x9409,Switzerland,1970-12-01
1253,Alicia,Perez,jonathanwalker@hotmail.com,Female,001-587-395-9232x34210,Marshall Islands,1985-05-04
1254,Tony,Williams,stephanie55@barrett.com,Male,(643)350-2716,Anguilla,1974-08-04
1255,Sharon,Dickerson,cwilliams@gonzalez-wise.org,Female,128-981-2317,Saint Vincent and the Grenadines,1985-07-16
1256,Ian,Cowan,jasondavis@hotmail.com,Male,(748)170-0666x155,Yemen,1965-06-22
1257,Russell,Hamilton,yvonnemiller@hotmail.com,Male,(704)502-3290x2822,Puerto Rico,1976-05-08
1258,Philip,Brown,nathan62@thompson-mayer.com,Male,001-251-207-3465x4950,Slovenia,1946-02-20
1259,Gary,Oneal,robinwilliams@farmer-sharp.com,Male,(105)316-1177,Israel,2002-08-22
1260,Steven,Alexander,thomas42@douglas-diaz.org,Male,+1-177-932-3822x31164,Tuvalu,1986-03-26
1261,Ashley,Perez,mark79@black.com,Female,652-906-0320x20326,Gibraltar,1945-03-06
1262,Laura,Webb,courtneymontoya@hotmail.com,Female,(737)948-7148x5524,Guam,1999-04-18
1263,Shane,Ingram,barnettmatthew@hotmail.com,Male,156-082-1371x184,Brunei Darussalam,2003-10-23
1264,Gregory,Chavez,raymondpugh@lee.com,Male,589.298.8085,Mauritania,1960-01-23
1265,Melissa,Osborn,erik29@bridges.com,Female,+1-963-406-4686,Uganda,1976-10-22
1266,Julie,Taylor,jonesjeanette@hotmail.com,Female,399-106-2272x3626,India,1984-08-16
1267,Corey,Flowers,tabithahill@martinez-singh.com,Male,724.501.8481,Sierra Leone,1987-02-25
1268,Kyle,Hall,lynn89@yahoo.com,Male,(154)064-1769,Chile,2004-01-04
1269,Michael,Glenn,jeffrey11@hotmail.com,Male,+1-953-766-0144x485,Italy,1989-10-07
1270,Sara,Bird,garcialinda@willis.org,Female,(417)899-6986x09191,Montserrat,1950-11-03
1271,Autumn,Gallagher,tochoa@hotmail.com,Female,5779806603,Mongolia,1956-09-05
1272,Allison,Bautista,samantha07@howard-vega.com,Female,470.574.2388,Oman,1966-04-14
1273,Natalie,Mullins,vgates@jensen-singh.com,Female,411-659-7263x47557,Ukraine,1968-12-23
1274,Nicole,Chung,rodriguezbonnie@hotmail.com,Female,001-848-826-9131x196,Timor-Leste,1962-04-21
1275,Charles,Peterson,yanderson@gmail.com,Male,001-499-153-7038x2407,Czech Republic,2001-01-30
1276,Melissa,Robinson,nwong@smith.com,Female,+1-776-889-3628x969,Tuvalu,2005-10-13
1277,Veronica,Francis,ryan53@yahoo.com,Female,+1-512-538-9218,Russian Federation,1976-10-02
1278,Kimberly,Garcia,jennifer83@adams-copeland.info,Female,+1-779-612-0878x057,Trinidad and Tobago,1992-06-11
1279,Charles,Fleming,ashley09@jordan-duran.com,Male,(374)845-3986x2895,Tokelau,1944-11-03
1280,Wesley,Brown,hamptonchad@gmail.com,Male,623.392.2071x51169,Reunion,1991-01-07
1281,Jasmine,Russell,melaniewhite@yahoo.com,Female,(264)712-4633x515,Korea,1995-07-17
1282,Brandon,Scott,flemingcody@stuart.com,Male,5640995123,Norfolk Island,1986-08-18
1283,Jonathan,Nichols,wigginsrita@hotmail.com,Male,(927)282-7090x814,Vietnam,1964-03-18
1284,Brian,Vega,jimenezcarrie@mora.net,Male,(718)153-5237x3605,Bahamas,2006-10-03
1285,William,Castillo,alvaradoluke@hart.net,Male,+1-345-273-4666x6170,Liechtenstein,1951-06-24
1286,Frank,Webb,tyler40@hotmail.com,Male,3149982508,Antarctica (the territory South of 60 deg S),1947-08-05
1287,Walter,Cruz,colongabrielle@yahoo.com,Male,001-882-850-3172x3513,Lithuania,1958-06-13
1288,Kenneth,Austin,sharris@glass.com,Male,+1-526-356-0229x39469,Russian Federation,2003-02-27
1289,Steven,Collins,avaughn@yahoo.com,Male,(437)490-6072x3111,Cayman Islands,2005-10-10
1290,Raven,Jones,sherryscott@hotmail.com,Female,001-648-449-4116x318,Tanzania,1978-04-08
1291,Curtis,Holmes,hmendoza@johnson.com,Male,136-957-2790,Panama,1978-08-26
1292,Pamela,Lopez,bradley02@villarreal-king.com,Female,(730)662-4813x235,Palestinian Territory,1993-06-16
1293,Jessica,Savage,carolynroberts@thomas.com,Female,168-809-2550,Cambodia,2005-09-23
1294,Brian,Hall,hartlisa@hotmail.com,Male,309-810-7964,Poland,1986-04-20
1295,James,Kent,wsalazar@gibson.net,Male,(324)264-2506x420,Kuwait,1972-04-21
1296,Michael,Weaver,omartinez@clark-sullivan.biz,Male,776.755.5628x333,Rwanda,1957-05-17
1297,Keith,Gould,wkelley@yahoo.com,Male,(436)271-8749x603,Cuba,1967-05-12
1298,Juan,Moore,cwhite@gmail.com,Male,001-369-249-2693x265,Lao People's Democratic Republic,1961-02-05
1299,Sean,Anderson,cheryl98@hotmail.com,Male,+1-011-100-0515x5323,Gambia,2001-08-03
1300,Andrea,Hanson,talvarez@gmail.com,Female,418-222-6189x6288,Nigeria,1976-05-02
1301,Melissa,Campbell,beckdwayne@davis-williams.biz,Female,672.095.7992x7079,Guatemala,2004-08-23
1302,Gina,Miller,thompsonclaire@hotmail.com,Female,(213)541-5970x9962,Haiti,2002-04-23
1303,David,Palmer,kflores@banks.com,Male,765-047-1580x290,Saint Pierre and Miquelon,1983-06-02
1304,Alicia,James,sprice@hotmail.com,Female,655-866-5254x837,Finland,1962-07-12
1305,Angela,Cole,michelle10@drake.com,Female,251-293-1100,Saint Pierre and Miquelon,1999-04-18
1306,Glenn,Stout,brandisheppard@welch-rivera.com,Male,+1-102-312-1106x330,Saint Barthelemy,1949-10-13
1307,James,Garrett,troth@jacobs-lopez.com,Male,001-907-280-1234x2893,Reunion,1952-10-26
1308,Michael,Jones,katelyn32@reid-vargas.org,Male,(843)645-3804x42101,Lithuania,1967-10-21
1309,Stephanie,Brown,craigrachel@yahoo.com,Female,1595919457,Guinea-Bissau,1994-11-20
1310,Rita,Wood,vedwards@gmail.com,Female,920.567.7567,Trinidad and Tobago,2005-07-24
1311,John,Hernandez,iherring@yahoo.com,Male,(265)062-2923x1067,Canada,1962-10-25
1312,Gail,Smith,kevinmoses@hotmail.com,Female,337-976-6270x511,Zambia,1966-05-19
1313,Michael,Franklin,aprilsnyder@butler.com,Male,+1-254-969-1928x4552,Heard Island and McDonald Islands,1982-11-07
1314,Tracy,Brown,robert35@hotmail.com,Female,574.859.5325,Slovenia,1987-06-08
1315,Kenneth,Pruitt,tracyharrison@edwards.biz,Male,001-295-187-7941x76342,Haiti,2002-01-26
1316,Richard,Wells,murphymallory@hoffman-bowers.com,Male,598.339.9140x3884,Egypt,1998-03-10
1317,Jamie,Haynes,jose24@johnson.biz,Female,572-768-2975,Botswana,1962-12-30
1318,Jesus,Gonzalez,frank25@gmail.com,Male,058-752-5680,Nigeria,1973-12-06
1319,Matthew,Foster,schneidermario@hotmail.com,Male,8027112218,Central African Republic,1992-12-15
1320,Cynthia,Fischer,christopher51@yahoo.com,Female,(808)662-8137x2143,Dominican Republic,1948-03-23
1321,Matthew,Grant,timothywilliams@dodson.net,Male,566-084-7068x10390,Cote d'Ivoire,1959-12-31
1322,Kevin,Smith,william26@hernandez.org,Male,485-862-3945x3546,British Indian Ocean Territory (Chagos Archipelago),1988-08-23
1323,Donna,Johnson,jackwilliams@gmail.com,Female,001-339-439-4570x3943,Madagascar,1945-12-31
1324,Eric,Robinson,jamie65@joyce-guzman.com,Male,789.431.9100x9004,Venezuela,1944-05-20
1325,Elizabeth,James,brownjason@maddox.com,Female,460-401-4247,Venezuela,2004-10-06
1326,Victoria,Rocha,beardsarah@smith.com,Female,984.409.7123x166,Antarctica (the territory South of 60 deg S),1946-11-28
1327,Kathleen,Rivas,teresaray@gmail.com,Female,+1-144-734-0433x70096,Moldova,1992-03-19
1328,John,Hall,michael95@hoover-stephens.com,Male,+1-588-255-6296x57542,Suriname,1990-02-26
1329,Paul,Simpson,susan19@yahoo.com,Male,(557)782-0582,Nepal,1967-08-18
1330,Kimberly,Collier,tiffanysparks@sanders.net,Female,+1-081-904-8235,Liechtenstein,1952-05-03
1331,Gabriel,Copeland,zmills@gmail.com,Male,001-561-372-3081,Lithuania,1954-03-15
1332,Sydney,Neal,katelynturner@gmail.com,Female,+1-130-004-1321,Bangladesh,1961-08-17
1333,Jodi,Wilson,msmith@yahoo.com,Female,653-469-9799x07075,Guernsey,1946-06-29
1334,David,Wells,hendersonbrenda@yahoo.com,Male,+1-706-071-7481x13176,San Marino,1967-05-04
1335,David,Riggs,kyle73@jenkins.com,Male,718.274.9680x49187,China,2005-10-11
1336,Jesse,Nash,carolyn61@moore.info,Male,062.604.2359,Tanzania,1977-12-14
1337,Darryl,Wallace,martindavid@hart.biz,Male,8581670468,Reunion,1973-02-11
1338,Austin,Miller,pmorales@gmail.com,Male,021-923-7858,Estonia,1976-11-24
1339,Andrea,Tyler,cwilson@harris.com,Female,001-605-080-1849x8042,Ghana,2007-01-13
1340,David,Castillo,elizabethmendoza@garcia.net,Male,+1-812-282-1781x9236,Taiwan,1986-12-14
1341,Isaiah,Perez,bbrown@gmail.com,Male,603-567-9327x98623,Nepal,1979-11-07
1342,Dwayne,Mejia,butleranna@hotmail.com,Male,001-205-464-7548x95478,Libyan Arab Jamahiriya,1970-08-27
1343,Peter,Franco,srogers@hester-patel.org,Male,+1-144-449-8355x3935,Gambia,1957-06-08
1344,Samantha,Holmes,joseph63@hotmail.com,Female,(435)885-3798,China,1952-05-10
1345,Nathaniel,Walter,carlyschultz@white-holland.info,Male,(367)497-8524x914,British Virgin Islands,1970-01-02
1346,Robin,Riggs,lopezsarah@gibson-ewing.org,Female,896-340-6791x766,Germany,1952-07-04
1347,Brenda,Martinez,boonejoshua@nichols.biz,Female,090.015.9446,Dominican Republic,1960-01-24
1348,Connie,Munoz,mary20@hotmail.com,Female,001-532-638-9021,Montenegro,1994-10-08
1349,Lisa,Dickson,davismegan@gmail.com,Female,792.234.1034,Jordan,1983-10-28
1350,Scott,Atkinson,jesseboone@yahoo.com,Male,001-772-696-0843x768,Guam,1966-04-19
1351,Alex,Romero,xobrien@gmail.com,Male,001-196-263-3556x434,United Arab Emirates,1960-02-03
1352,James,Rich,debbiebrown@mcbride.biz,Male,7676164534,Haiti,2006-05-31
1353,Zachary,Mendoza,melissanewman@schmidt.biz,Male,(031)219-8041x847,Canada,1964-04-30
1354,Brenda,Graham,robertjackson@hall.org,Female,9248762303,Netherlands Antilles,1992-11-13
1355,Angela,Mejia,amandamaxwell@hotmail.com,Female,001-522-823-0524x80880,India,1953-07-25
1356,Carol,Harrison,michelleflowers@logan.com,Female,001-329-016-2047x876,Mayotte,1981-03-24
1357,Molly,Oneal,kristin96@yahoo.com,Female,628.720.3195x41966,Honduras,1964-10-05
1358,James,Edwards,lewiskimberly@cole.com,Male,+1-463-203-7476x7753,Kyrgyz Republic,1953-04-03
1359,Jason,Williams,phillipsbrian@blankenship-eaton.biz,Male,945-887-0715,Greenland,1957-07-18
1360,Eric,Hunter,thomasjennifer@brown-hicks.net,Male,(076)597-5954x508,Mozambique,1952-10-08
1361,Stephen,Blake,estradaamy@hotmail.com,Male,001-812-657-4223,Bermuda,1986-05-11
1362,James,Foster,turnerstephanie@barnes.biz,Male,(689)430-1204,Saint Lucia,1977-03-23
1363,Richard,Robinson,qwilson@cain-cooper.com,Male,498.855.8298x4933,Suriname,1945-11-22
1364,Jessica,Nelson,zkaufman@gmail.com,Female,001-441-283-3372,Vanuatu,1951-02-02
1365,Melissa,Wagner,vbarnes@yahoo.com,Female,329-715-0666,Cape Verde,1972-07-26
1366,Kara,Johnson,parkertommy@yahoo.com,Female,(936)634-3925x2959,Honduras,2002-06-10
1367,Angela,Miller,ambervasquez@michael.com,Female,0720245591,Armenia,1955-08-16
1368,Steven,Rivera,mcneilchristina@clarke.info,Male,494-981-9421,Kyrgyz Republic,1985-08-18
1369,Sarah,Moore,sobrien@johnson-phelps.com,Female,001-775-844-6634x533,Kyrgyz Republic,1954-07-02
1370,Michele,Johnson,hernandezwhitney@hernandez.com,Female,001-559-376-6189x43705,Cayman Islands,1970-12-22
1371,Corey,Jones,perry77@levy.info,Male,(565)920-2461,Libyan Arab Jamahiriya,2003-12-17
1372,William,Hernandez,williamsimpson@solomon-le.biz,Male,0559550178,Cook Islands,1958-09-28
1373,Brittany,Becker,lpreston@hotmail.com,Female,+1-360-798-4870x450,Ireland,1984-06-25
1374,Lori,Conner,mhickman@hotmail.com,Female,593.744.0394,Indonesia,1962-06-09
1375,April,Perez,aallen@williams-jones.com,Female,+1-860-849-0793,Marshall Islands,1989-05-19
1376,Kristen,Chan,vcastro@gardner.com,Female,+1-615-370-1242x44626,Costa Rica,1993-12-31
1377,Carla,Davis,whitney81@gmail.com,Female,(103)142-1751,Macao,1996-07-04
1378,Sandy,Nichols,rcontreras@kelly.com,Female,(638)409-1122,Guam,1955-04-17
1379,Kelly,Norris,writter@bell.biz,Female,863-239-7913,Syrian Arab Republic,1989-02-02
1380,Timothy,Norman,xmorris@gmail.com,Male,0730950556,San Marino,2001-05-16
1381,Adam,Edwards,andersoncody@hotmail.com,Male,+1-192-778-8519,Sudan,1946-08-04
1382,Richard,Little,amanda64@trevino.com,Male,+1-246-245-6185x17446,Angola,1946-02-27
1383,William,Murphy,sarahmorrison@cox.com,Male,001-551-293-9130x44881,Sudan,1992-11-20
1384,Joshua,Ray,craig60@yahoo.com,Male,(154)021-1901x70756,Mauritania,1951-08-27
1385,Dennis,Garza,cookjacob@haynes.info,Male,228.360.8493,Lithuania,1981-08-22
1386,Cynthia,Jordan,mallorycarter@gmail.com,Female,(969)443-9164x9701,Iraq,1984-07-30
1387,Cheryl,King,lisacarpenter@wright.com,Female,001-016-234-1903x1061,Guam,1958-06-03
1388,Jillian,Thomas,mark66@stone.com,Female,653.377.4604,Afghanistan,1973-11-12
1389,John,Brown,nwarren@rodriguez-mitchell.com,Male,260-781-9754x373,Portugal,2003-03-02
1390,Desiree,Woods,ethan37@gmail.com,Female,3763882145,Maldives,1961-09-20
1391,Melissa,Nelson,ksmith@gmail.com,Female,443.899.8278,Afghanistan,1954-07-11
1392,Tyler,Murphy,aaron32@gmail.com,Male,001-464-493-6999x5167,Niger,1957-09-26
1393,Steve,Nguyen,thomas38@yahoo.com,Male,368.011.9236x0376,Marshall Islands,1994-08-23
1394,Angel,Becker,jeffreylewis@yahoo.com,Female,040-961-4973,Bermuda,1967-07-28
1395,Tammy,Carr,kylie83@alvarez.net,Female,(073)651-1893,Uzbekistan,1983-07-22
1396,Donald,Simmons,karen82@gmail.com,Male,001-190-432-2302x3332,French Polynesia,1975-09-28
1397,Amy,Cole,wilsonrhonda@richardson.biz,Female,(127)602-5082,Poland,2001-09-27
1398,Stephanie,Rodriguez,charlesperry@perez-hess.com,Female,001-888-995-7298x937,Jamaica,1956-02-04
1399,Levi,Norton,jorge30@gmail.com,Male,(468)719-1203x8187,Indonesia,2006-04-05
1400,Matthew,Marquez,holmesamber@lindsey.com,Male,981.388.1588x14458,Burkina Faso,2000-09-24
1401,Cassandra,Patterson,leahwalker@davis.biz,Female,001-815-724-5000x0001,Gibraltar,1955-08-09
1402,Nina,Morton,wattstimothy@gonzales.com,Female,9025561844,Eritrea,1955-03-21
1403,Bradley,Hess,travis12@gmail.com,Male,001-489-056-7086x70090,Afghanistan,1989-06-07
1404,Dean,Sanchez,christopher84@hotmail.com,Male,(669)136-2483,Gibraltar,1969-07-12
1405,Mary,Diaz,jblair@williams.com,Female,(998)795-0982x21040,Vanuatu,1952-09-16
1406,Sean,King,greenjessica@thompson.com,Male,363.816.4321x26942,Maldives,1983-04-07
1407,Maria,Estrada,bevans@gmail.com,Female,(258)631-4417x06462,Guinea,1995-06-09
1408,James,Roberts,richardperez@wood.com,Male,001-017-646-4489x8803,Saint Martin,1951-10-18
1409,Isabella,Hawkins,martin27@decker.com,Female,043-333-5384x9516,Saint Lucia,1959-06-24
1410,Renee,Shaffer,dawsonshawn@griffith-cobb.net,Female,9339137326,Norway,1966-05-12
1411,Yvonne,Williams,cummingsstephanie@hotmail.com,Female,001-875-617-8688x00230,Sudan,1946-05-19
1412,Kevin,Cook,dunnmary@hotmail.com,Male,3657744916,United States Virgin Islands,1944-08-03
1413,Stephen,Frazier,chelsea52@gmail.com,Male,491-189-4184,Czech Republic,1960-02-15
1414,James,Woods,katherinerussell@briggs.com,Male,+1-982-137-4556x114,Vietnam,1946-11-11
1415,Michael,Mathews,aprilrussell@hotmail.com,Male,5053766608,Puerto Rico,1950-11-29
1416,Audrey,Anderson,acevedonancy@meyer.com,Female,(691)062-7153x1234,Ukraine,1967-07-22
1417,Heather,Roth,farmstrong@boone.com,Female,+1-384-401-3480x873,Guam,1964-09-08
1418,David,Roy,owilliams@brooks.com,Male,090.859.9144x920,Rwanda,1975-03-20
1419,William,Aguilar,tavila@hanson.org,Male,(489)971-8428x5969,Egypt,1954-05-19
1420,Erin,Garcia,ashley32@rodriguez.com,Female,001-266-980-6908x72617,Serbia,1972-10-21
1421,Valerie,Johnson,karacollins@hotmail.com,Female,893.595.3828,Saudi Arabia,1945-07-27
1422,Russell,Pollard,susan12@knight.com,Male,(958)264-1869x6561,Uzbekistan,2000-10-22
1423,Claire,Hoffman,powersgina@gmail.com,Female,001-385-951-4346x82394,Thailand,1979-01-08
1424,Denise,Nolan,timothywalker@contreras.biz,Female,+1-661-016-8311x395,Swaziland,2000-05-28
1425,Scott,Williams,nrose@ramirez.com,Male,7628397620,Saint Lucia,1969-06-12
1426,Daniel,Ramirez,malexander@myers-brown.info,Male,(662)925-0817,Saint Kitts and Nevis,1986-12-09
1427,Samantha,Livingston,arianarandolph@hammond.com,Female,(884)133-3731x2552,Cook Islands,1967-11-03
1428,Sydney,Morales,marshalljamie@gmail.com,Female,+1-119-206-1363x85277,Mauritius,1983-05-27
1429,William,Bennett,sethvance@phillips.com,Male,001-502-648-0164,Finland,1947-12-24
1430,David,Harris,rossamanda@gmail.com,Male,782.210.2179x821,Nigeria,1957-07-16
1431,Debbie,Arias,ashleypeterson@yahoo.com,Female,001-973-638-3182x8560,Guadeloupe,1959-12-16
1432,Laura,Cole,lfloyd@ball.com,Female,706.736.8205x068,Cambodia,1950-02-13
1433,Mary,Jackson,mark21@shelton-keller.com,Female,001-587-146-9218x21925,Mongolia,1971-06-17
1434,Wayne,Fischer,joe99@roberts.com,Male,(050)938-6948,French Guiana,1988-07-02
1435,Beverly,Khan,hollandjustin@yahoo.com,Female,+1-887-071-5238x6767,Congo,1981-01-28
1436,Patricia,Douglas,xhill@stuart.info,Female,987.682.9968x7225,Malaysia,1983-08-19
1437,Christina,Gamble,erin06@lopez.com,Female,001-405-669-5790x012,Fiji,2005-08-10
1438,Joshua,Osborne,joseph28@yahoo.com,Male,963.259.4232x894,Somalia,1971-01-05
1439,Sandra,Walker,petersonfrank@cohen.com,Female,+1-572-562-9269,Cyprus,2003-06-21
1440,Michael,Cooper,walkervictoria@hotmail.com,Male,865-507-8468,Greece,1945-06-11
1441,Leonard,Avila,jeffrey34@hotmail.com,Male,+1-189-117-9720x385,Morocco,1960-06-10
1442,Debra,Johnson,ralphdavis@yahoo.com,Female,155.313.2593x678,Bhutan,1960-08-02
1443,Rebecca,West,smithchristine@gmail.com,Female,001-141-052-7698x198,Lebanon,1982-08-03
1444,Antonio,Oconnor,xsmith@young.net,Male,+1-562-258-6605,Tonga,1996-12-23
1445,Kevin,Perry,kramirez@gmail.com,Male,585.485.9655x9428,Brunei Darussalam,1965-02-07
1446,Tyler,Lozano,bduke@cantu.com,Male,2453931321,South Georgia and the South Sandwich Islands,1966-07-25
1447,Sheena,Jones,matthew08@schultz.net,Female,001-214-448-8966x9972,Luxembourg,2002-03-31
1448,Michael,Zuniga,ynolan@yahoo.com,Male,001-462-025-8254x3183,Sri Lanka,1999-09-29
1449,Carrie,Daniels,jamesbrown@obrien.com,Female,+1-491-060-1836x4723,Saint Barthelemy,1981-12-29
1450,Julie,Johnson,tpowell@ortega.com,Female,(775)458-4726x290,Greece,1954-01-27
1451,Lisa,Dixon,jyoder@gmail.com,Female,001-160-827-1721x7337,Solomon Islands,1993-03-08
1452,Nicholas,Frost,nguyengerald@moses.biz,Male,(165)914-3882,Dominica,2005-05-26
1453,Christopher,Valdez,lukecase@butler-burns.info,Male,001-732-643-0954x4979,Saint Barthelemy,1993-09-19
1454,Audrey,Barry,lopezgrant@gmail.com,Female,(053)978-7137,Russian Federation,2005-04-23
1455,Ruth,Taylor,edwardburnett@taylor.biz,Female,001-083-200-4879x7888,Tonga,1983-02-04
1456,Jessica,Sutton,jack86@gmail.com,Female,001-030-443-6199x51715,Syrian Arab Republic,2003-09-16
1457,Carla,Clark,maxwelldawn@maxwell.org,Female,001-501-437-4830x9309,Israel,1976-05-15
1458,Angela,Mcdaniel,franklindarius@yahoo.com,Female,2213217672,Austria,1952-03-20
1459,Larry,Reese,rodriguezrichard@gentry.com,Male,+1-072-587-3393x049,Congo,1973-09-27
1460,James,Clark,stanleymcdowell@frank-garcia.com,Male,(114)086-8250,Montserrat,1989-08-17
1461,Gabriel,Taylor,landerson@gmail.com,Male,001-556-103-9952x970,Singapore,1950-12-29
1462,Darryl,Chavez,james58@fernandez-hughes.com,Male,041.202.7061,Guyana,1986-03-07
1463,Candice,Hall,bruce99@gmail.com,Female,166.906.3224x815,Ghana,1962-02-22
1464,Tiffany,Moore,jacquelinedelacruz@wright.com,Female,+1-567-975-6491x579,Philippines,1997-05-07
1465,Yolanda,Watson,sonyaking@gmail.com,Female,(476)010-8018,British Virgin Islands,1947-01-06
1466,Christine,Shaffer,craigross@gmail.com,Female,268.080.8157x1290,Trinidad and Tobago,1993-05-12
1467,Brian,Cooper,gmiller@ortiz.com,Male,7351045847,French Southern Territories,1957-12-15
1468,Robert,Thompson,smithryan@schmidt-rice.com,Male,669.470.3180x533,Netherlands,1971-10-11
1469,Christopher,Patrick,mary66@gmail.com,Male,591-832-7000,Ethiopia,1971-10-21
1470,Jennifer,Garcia,fischerlaura@gmail.com,Female,977.140.0493x881,Swaziland,1993-01-11
1471,Justin,Graves,edwardselizabeth@hotmail.com,Male,520-499-8094,Oman,2000-11-14
1472,Linda,Crawford,pfowler@gmail.com,Female,797.166.9841,Isle of Man,2006-03-05
1473,James,Garcia,dmitchell@castillo-adams.com,Male,(562)389-9499,United States Minor Outlying Islands,1952-02-18
1474,Whitney,Griffin,dawsonrhonda@stephenson.com,Female,3708782116,Azerbaijan,2001-08-11
1475,Christopher,Ortega,cody81@wood.org,Male,001-898-972-1170,Saint Martin,2001-04-15
1476,Joshua,Garrett,ochoamelissa@hotmail.com,Male,(448)221-7588x3978,Holy See (Vatican City State),1974-03-01
1477,Timothy,Ryan,greenbrandon@flores-estrada.com,Male,691.496.1128,Uganda,1978-05-20
1478,Megan,Garza,gcastro@ford.org,Female,+1-704-095-3141x96156,Aruba,1978-01-08
1479,Steven,May,zmitchell@tran.com,Male,796-240-9649,Honduras,1970-06-29
1480,Kimberly,Le,bakerwilliam@gmail.com,Female,702-851-6225,Morocco,1996-02-07
1481,David,Mccoy,aaronponce@gmail.com,Male,868-839-0624x672,Sao Tome and Principe,1980-04-03
1482,Jill,Johnston,hansonbryan@yahoo.com,Female,319-359-2361,Djibouti,1958-11-24
1483,John,Russell,jacob30@morris-dixon.biz,Male,025-447-2419x16503,Qatar,1964-01-21
1484,Denise,French,ebruce@hotmail.com,Female,182.498.9808x8067,Syrian Arab Republic,1981-11-19
1485,Charles,Nelson,robert13@yahoo.com,Male,+1-266-486-9893x969,Mayotte,1974-05-06
1486,Eric,Hunter,murphybrianna@yahoo.com,Male,+1-011-929-2075x36051,Barbados,1976-09-01
1487,Angela,Vega,marissamedina@aguirre.biz,Female,001-218-945-5906x700,Anguilla,1984-10-22
1488,Mary,Armstrong,alyssa94@williams.biz,Female,+1-489-667-6056x42045,Jamaica,2003-04-04
1489,Jackson,Avila,duncankimberly@yahoo.com,Male,001-533-890-6235x46622,Sierra Leone,1972-11-15
1490,Gabrielle,Roberts,mchen@reed.biz,Female,(212)242-7677,Georgia,1971-09-07
1491,Chad,Stewart,fjohnson@campbell.com,Male,(848)860-0801x798,Indonesia,1977-02-15
1492,Michael,Frey,nancythompson@khan.com,Male,726-426-1212x038,El Salvador,1959-12-14
1493,Nancy,Wilkerson,russellhorton@hotmail.com,Female,(807)852-5482x4218,Puerto Rico,1995-07-01
1494,Crystal,Nguyen,laura40@gmail.com,Female,+1-644-547-5231x12327,France,1996-10-05
1495,Joshua,Cannon,hayesrachel@yahoo.com,Male,001-334-272-0388x62175,Rwanda,1945-03-28
1496,Matthew,Brown,crivers@murphy-reid.com,Male,(935)882-4935x3400,Togo,2007-01-16
1497,Scott,French,espinozarandy@wagner-palmer.com,Male,(524)445-4460x83851,Lebanon,1985-05-25
1498,Manuel,Cole,maydebra@caldwell.com,Male,+1-788-486-9996,Myanmar,1980-04-15
1499,Kayla,Moore,victoria57@warner.info,Female,+1-246-301-9864x24238,Pakistan,1959-10-14
1500,Leslie,Martin,ashleygarcia@galloway.net,Female,062.932.8809x8322,British Virgin Islands,1947-06-06
